﻿color,condition,correct,thisN,thisTrialN,thisRepN,key_resp.keys,key_resp.corr,key_resp.rt,key_resp.duration,Play.thisRepN,Play.thisTrialN,Play.thisN,Play.thisIndex,thisRow.t,notes,Welcome.started,text_welcome.started,key_welcome.started,Welcome.stopped,key_welcome.keys,key_welcome.rt,key_welcome.duration,Instructions.started,text_Instructions.started,key_Instructions.started,Instructions.stopped,key_Instructions.keys,key_Instructions.rt,key_Instructions.duration,GoNoGoTask.started,image_circle.started,key_resp.started,GoNoGoTask.stopped,Play.key_resp.keys,Play.key_resp.corr,Play.key_resp.rt,Play.key_resp.duration,Feedback.started,text_feedback.started,text_feedback.stopped,Feedback.stopped,image_circle.stopped,key_resp.stopped,participant,session,date,expName,psychopyVersion,frameRate,expStart,
,,,,,,,,,,,,,,,,0.004557799999020062,0.009981699997297255,0.009981699997297255,0.7369577999998,space,0.7234978999986197,None,,,,,,,,,,,,,,,,,,,,,,13,001,2025-01-17_15h05.49.509,Go No-Go,2024.2.4,144.0403312896462,2025-01-17 15h05.55.703883 +0700,
,,,,,,,,,,,,,,,,,,,,,,,0.7369961000003968,0.745035399999324,0.745035399999324,1.1228556999994908,space,0.37464209999961895,None,,,,,,,,,,,,,,,13,001,2025-01-17_15h05.49.509,Go No-Go,2024.2.4,144.0403312896462,2025-01-17 15h05.55.703883 +0700,
greencircle.png,go,space,0,0,0,space,0,0.7248116999980994,None,0,0,0,5,1.1710647999971115,,,,,,,,,,,,,,,,1.1367892999987816,1.1710647999971115,1.1710647999971115,1.9001390999983414,space,0,0.7248116999980994,None,1.9026669999984733,1.9100892999995267,3.4089617999998154,3.3977513999998337,,,13,001,2025-01-17_15h05.49.509,Go No-Go,2024.2.4,144.0403312896462,2025-01-17 15h05.55.703883 +0700,
greencircle.png,go,space,1,1,0,None,0,,,0,1,1,0,3.4089617999998154,,,,,,,,,,,,,,,,3.4060202000000572,3.4089617999998154,3.4089617999998154,6.39485539999805,None,0,,,6.39651959999901,6.405665799997223,7.911347999997815,7.893091399997502,6.405665799997223,6.405665799997223,13,001,2025-01-17_15h05.49.509,Go No-Go,2024.2.4,144.0403312896462,2025-01-17 15h05.55.703883 +0700,
redcircle.png,nogo,None,2,2,0,space,0,1.4236091999991913,None,0,2,2,4,7.911347999997815,,,,,,,,,,,,,,,,7.903386899997713,7.911347999997815,7.911347999997815,9.336608399997203,space,0,1.4236091999991913,None,9.33666859999721,9.340832999998383,10.845662199997605,10.827701700000034,,,13,001,2025-01-17_15h05.49.509,Go No-Go,2024.2.4,144.0403312896462,2025-01-17 15h05.55.703883 +0700,
redcircle.png,nogo,None,3,3,0,None,0,,,0,3,3,1,10.845662199997605,,,,,,,,,,,,,,,,10.837723399999959,10.845662199997605,10.845662199997605,13.832063599998946,None,0,,,13.832114299999375,13.836318699999538,15.334044100000028,15.322985799997696,13.836318699999538,13.836318699999538,13,001,2025-01-17_15h05.49.509,Go No-Go,2024.2.4,144.0403312896462,2025-01-17 15h05.55.703883 +0700,
greencircle.png,go,space,4,4,0,,,,,0,4,4,2,15.334044100000028,,,,,,,,,,,,,,,,15.331041800000094,15.334044100000028,15.334044100000028,,,,,,,,,,,,,,,,,,,
