﻿thisN,thisTrialN,thisRepN,Play.thisRepN,Play.thisTrialN,Play.thisN,Play.thisIndex,thisRow.t,notes,Welcome.started,text_welcome.started,key_welcome.started,Welcome.stopped,key_welcome.keys,key_welcome.rt,key_welcome.duration,Instructions.started,text_Instructions.started,key_resp.started,Instructions.stopped,key_resp.keys,key_resp.rt,key_resp.duration,GoNoGoTask.started,image_circle.started,image_circle.stopped,GoNoGoTask.stopped,Feedback.started,Feedback.stopped,participant,session,date,expName,psychopyVersion,frameRate,expStart,
,,,,,,,,,0.009597600001143292,0.02324650000082329,0.02324650000082329,1.3794143000013719,space,1.3521921999999904,None,,,,,,,,,,,,,,1,001,2025-01-16_16h10.41.356,Go No-Go,2024.2.4,None,2025-01-16 16h10.47.890762 +0700,
,,,,,,,,,,,,,,,,1.3794458000011218,1.392276700000366,1.392276700000366,2.2281383000008645,space,0.8337681000011798,None,,,,,,,1,001,2025-01-16_16h10.41.356,Go No-Go,2024.2.4,None,2025-01-16 16h10.47.890762 +0700,
0,0,0,0,0,0,0,2.2407028000016,,,,,,,,,,,,,,,,2.2283895000000484,2.2407028000016,4.240669200000411,4.227835900001082,4.227858999998716,4.228012999999919,1,001,2025-01-16_16h10.41.356,Go No-Go,2024.2.4,None,2025-01-16 16h10.47.890762 +0700,
1,0,1,1,0,1,0,4.240669200000411,,,,,,,,,,,,,,,,4.228092600002128,4.240669200000411,6.240815199998906,6.227556300000288,6.227577199999359,6.227757399999973,1,001,2025-01-16_16h10.41.356,Go No-Go,2024.2.4,None,2025-01-16 16h10.47.890762 +0700,
2,0,2,2,0,2,0,6.240815199998906,,,,,,,,,,,,,,,,6.227833400000236,6.240815199998906,,,,,,,,,,,,
