﻿color,condition,space_key,thisN,thisTrialN,thisRepN,key_resp_t.keys,key_resp_t.corr,key_resp_t.rt,key_resp_t.duration,trials.thisRepN,trials.thisTrialN,trials.thisN,trials.thisIndex,thisRow.t,notes,Welcome.started,text_welcome.started,key_welcome.started,Welcome.stopped,key_welcome.keys,key_welcome.rt,key_welcome.duration,Instructions.started,text_Instructions.started,key_Instructions.started,Instructions.stopped,key_Instructions.keys,key_Instructions.rt,key_Instructions.duration,Tutorial.started,image_Tutorial.started,key_resp_t.started,Tutorial.stopped,trials.key_resp_t.keys,trials.key_resp_t.corr,trials.key_resp_t.rt,trials.key_resp_t.duration,Feedback_Tutorial.started,text_feedback_Tutorial.started,text_feedback_Tutorial.stopped,Feedback_Tutorial.stopped,Instructions_2.started,text_Instructions_2.started,key_Instructions_2.started,participant,session,date,expName,psychopyVersion,frameRate,expStart,
,,,,,,,,,,,,,,,,0.01139650004915893,0.022647100035101175,0.022647100035101175,33.22098260000348,space,33.19602500007022,None,,,,,,,,,,,,,,,,,,,,,,,1,001,2025-01-31_09h21.33.405,Go No-Go,2024.2.4,142.82327318468555,2025-01-31 09h21.47.589363 +0700,
,,,,,,,,,,,,,,,,,,,,,,,33.221018800046295,33.23101210000459,33.23101210000459,34.61494490003679,space,1.3780897000106052,None,,,,,,,,,,,,,,,,1,001,2025-01-31_09h21.33.405,Go No-Go,2024.2.4,142.82327318468555,2025-01-31 09h21.47.589363 +0700,
Images/mice.png,go,space,0,0,0,space,1,1.1618217000504956,None,0,0,0,0,36.17668220004998,,,,,,,,,,,,,,,,36.130748499999754,36.17668220004998,36.17668220004998,37.342651000013575,space,1,1.1618217000504956,None,37.34546060010325,37.35242760006804,38.86469890002627,38.83964400005061,,,,1,001,2025-01-31_09h21.33.405,Go No-Go,2024.2.4,142.82327318468555,2025-01-31 09h21.47.589363 +0700,
Images/mice.png,go,space,1,1,0,None,0,,,0,1,1,1,38.86469890002627,,,,,,,,,,,,,,,,38.85991910006851,38.86469890002627,38.86469890002627,43.847897300031036,None,0,,,43.8479502000846,43.852475200081244,45.504000000073574,45.33934380009305,,,,1,001,2025-01-31_09h21.33.405,Go No-Go,2024.2.4,142.82327318468555,2025-01-31 09h21.47.589363 +0700,
Images/cat.png,nogo,None,2,2,0,space,0,1.7431799999903888,None,0,2,2,2,45.504000000073574,,,,,,,,,,,,,,,,45.49463630001992,45.504000000073574,45.504000000073574,47.24799130007159,space,0,1.7431799999903888,None,47.248049100046046,47.251979600056075,48.76381440006662,48.73957580002025,,,,1,001,2025-01-31_09h21.33.405,Go No-Go,2024.2.4,142.82327318468555,2025-01-31 09h21.47.589363 +0700,
Images/cat.png,nogo,None,3,3,0,None,1,,,0,3,3,3,48.76381440006662,,,,,,,,,,,,,,,,48.75665800005663,48.76381440006662,48.76381440006662,53.754172400105745,None,1,,,53.754226400051266,53.75933550007176,,55.25543090002611,,,,1,001,2025-01-31_09h21.33.405,Go No-Go,2024.2.4,142.82327318468555,2025-01-31 09h21.47.589363 +0700,
,,,,,,,,,,,,,,,,,,,,,,,,,,,,,,,,,,,,,,,,,,55.255587200052105,55.26432790001854,55.26432790001854,,,,,,,,
