﻿color,condition,correct,thisN,thisTrialN,thisRepN,key_resp.keys,Play.thisRepN,Play.thisTrialN,Play.thisN,Play.thisIndex,thisRow.t,notes,Welcome.started,text_welcome.started,key_welcome.started,Welcome.stopped,key_welcome.keys,key_welcome.rt,key_welcome.duration,Instructions.started,text_Instructions.started,text_Instructions.stopped,Instructions.stopped,GoNoGoTask.started,image_circle.started,key_resp.started,GoNoGoTask.stopped,Play.key_resp.keys,Feedback.started,text.started,Feedback.stopped,participant,session,date,expName,psychopyVersion,frameRate,expStart,
,,,,,,,,,,,,,0.018357500001002336,0.03371530000003986,0.03371530000003986,0.9551076000025205,space,0.9160846000013407,None,,,,,,,,,,,,,1,001,2025-01-16_16h44.35.355,Go No-Go,2024.2.4,60.017128888444624,2025-01-16 16h44.40.902781 +0700,
,,,,,,,,,,,,,,,,,,,,0.9551377000025241,0.9668672000007064,2.000356800002919,1.9542505000026722,,,,,,,,,1,001,2025-01-16_16h44.35.355,Go No-Go,2024.2.4,60.017128888444624,2025-01-16 16h44.40.902781 +0700,
redcircle.png,nogo,none,0,0,0,None,0,0,0,1,2.000356800002919,,,,,,,,,,,,,1.9820481000024301,2.000356800002919,2.000356800002919,3.969383600000583,None,3.969413800001348,3.9855817000025127,4.969524700001784,1,001,2025-01-16_16h44.35.355,Go No-Go,2024.2.4,60.017128888444624,2025-01-16 16h44.40.902781 +0700,
greencircle.png,go,space,1,1,0,None,0,1,1,3,4.986486400001013,,,,,,,,,,,,,4.978684500001691,4.986486400001013,4.986486400001013,6.969531500002631,None,6.969561900001281,6.985892100001365,7.969598900002893,1,001,2025-01-16_16h44.35.355,Go No-Go,2024.2.4,60.017128888444624,2025-01-16 16h44.40.902781 +0700,
greencircle.png,go,space,2,2,0,,0,2,2,2,7.986502500003553,,,,,,,,,,,,,7.9772775000019465,7.986502500003553,7.986502500003553,9.96967780000341,None,9.969709100001637,9.985900900002889,,,,,,,,,
