﻿color,condition,space_key,thisN,thisTrialN,thisRepN,key_resp_t.keys,key_resp_t.corr,trials.thisRepN,trials.thisTrialN,trials.thisN,trials.thisIndex,thisRow.t,notes,text_Fixation.started,text_Fixation.stopped,Tutorial.started,image_Tutorial.started,key_resp_t.started,Tutorial.stopped,trials.key_resp_t.keys,trials.key_resp_t.corr,Feedback_Tutorial.started,text_feedback_Tutorial.started,Feedback_Tutorial.stopped,participant,session,date,expName,psychopyVersion,frameRate,expStart,
,,,,,,,,,,,,,,,,,,,,,,,,,222,001,2025-01-31_11h19.14.600,Go No-Go,2024.2.4,None,2025-01-31 11h19.22.494117 +0700,
,,,,,,,,,,,,,,,,,,,,,,,,,222,001,2025-01-31_11h19.14.600,Go No-Go,2024.2.4,None,2025-01-31 11h19.22.494117 +0700,
Images/mice.png,go,space,0,0,0,None,0,0,0,0,0,1.5496241999790072,,1.5496241999790072,2.597682800027542,2.5583669000770897,2.597682800027542,2.597682800027542,7.542947200010531,None,0,7.544838199974038,7.554744200082496,9.05031850002706,222,001,2025-01-31_11h19.14.600,Go No-Go,2024.2.4,None,2025-01-31 11h19.22.494117 +0700,
Images/mice.png,go,space,1,1,0,,,0,1,1,1,9.054026999976486,,9.054026999976486,,,,,,,,,,,,,,,,,,
