﻿color,condition,space_key,thisN,thisTrialN,thisRepN,key_resp_t.keys,key_resp_t.corr,key_resp_t.rt,key_resp_t.duration,trials.thisRepN,trials.thisTrialN,trials.thisN,trials.thisIndex,thisRow.t,notes,text_Fixation.started,Tutorial.started,image_Tutorial.started,key_resp_t.started,Tutorial.stopped,trials.key_resp_t.keys,trials.key_resp_t.corr,trials.key_resp_t.rt,trials.key_resp_t.duration,fb.started,text.started,text.stopped,fb.stopped,Feedback_Tutorial.started,text_feedback_Tutorial.started,text_feedback_Tutorial.stopped,Feedback_Tutorial.stopped,text_Fixation.stopped,participant,session,date,expName,psychopyVersion,frameRate,expStart,
,,,,,,,,,,,,,,,,,,,,,,,,,,,,,,,,,,22,001,2025-01-31_11h21.18.301,Go No-Go,2024.2.4,None,2025-01-31 11h21.24.995600 +0700,
,,,,,,,,,,,,,,,,,,,,,,,,,,,,,,,,,,22,001,2025-01-31_11h21.18.301,Go No-Go,2024.2.4,None,2025-01-31 11h21.24.995600 +0700,
Images/mice.png,go,space,0,0,0,space,1,0.12357920000795275,None,0,0,0,0,28.453392599942163,,28.453392599942163,33.46862749999855,33.50659599993378,33.50659599993378,33.63137720001396,space,1,0.12357920000795275,None,33.6314221000066,33.63548479997553,34.633723599952646,34.62300399993546,34.62469660001807,34.633723599952646,36.12820659996942,36.121169499936514,,22,001,2025-01-31_11h21.18.301,Go No-Go,2024.2.4,None,2025-01-31 11h21.24.995600 +0700,
Images/mice.png,go,space,1,1,0,,,,,0,1,1,1,36.12820659996942,,36.12820659996942,41.13468809996266,41.1416885999497,41.1416885999497,,,,,,,,,,,,,,41.1416885999497,,,,,,,,
