﻿color,condition,space_key,thisN,thisTrialN,thisRepN,key_resp_Tutorial.keys,key_resp_Tutorial.corr,key_resp_Tutorial.rt,key_resp_Tutorial.duration,trials.thisRepN,trials.thisTrialN,trials.thisN,trials.thisIndex,thisRow.t,notes,Welcome.started,text_welcome.started,key_welcome.started,Welcome.stopped,key_welcome.keys,key_welcome.rt,key_welcome.duration,Instructions.started,text_Instructions.started,key_Instructions.started,Instructions.stopped,key_Instructions.keys,key_Instructions.rt,key_Instructions.duration,Tutorial.started,image_Tutorial.started,key_resp_Tutorial.started,Tutorial.stopped,trials.key_resp_Tutorial.keys,trials.key_resp_Tutorial.corr,trials.key_resp_Tutorial.rt,trials.key_resp_Tutorial.duration,Feedback_Tutorial.started,text_feedback_Tutorial.started,text_feedback_Tutorial.stopped,Feedback_Tutorial.stopped,image_Tutorial.stopped,key_resp_Tutorial.stopped,Instructions_2.started,text_Instructions_2.started,key_Instructions_2.started,participant,session,date,expName,psychopyVersion,frameRate,expStart,
,,,,,,,,,,,,,,,,0.007365899999967951,0.012588800000003175,0.012588800000003175,0.6420803999999407,space,0.5934576000001925,None,,,,,,,,,,,,,,,,,,,,,,,,,33,001,2025-01-24_13h43.18.992,Go No-Go,2024.2.4,143.9774934380757,2025-01-24 13h43.25.972836 +0700,
,,,,,,,,,,,,,,,,,,,,,,,0.6421315999998569,0.6508498999999119,0.6508498999999119,1.1601729999999861,space,0.5066604000001007,None,,,,,,,,,,,,,,,,,,33,001,2025-01-24_13h43.18.992,Go No-Go,2024.2.4,143.9774934380757,2025-01-24 13h43.25.972836 +0700,
Images/mice.png,go,space,0,0,0,space,1,0.9910939999999755,None,0,0,0,0,1.2226969999999255,,,,,,,,,,,,,,,,1.1817029999999704,1.2226969999999255,1.2226969999999255,2.2148111999999855,space,1,0.9910939999999755,None,2.2164546999999857,2.2252724999998463,3.7311677000000145,3.7129353000000265,,,,,,33,001,2025-01-24_13h43.18.992,Go No-Go,2024.2.4,143.9774934380757,2025-01-24 13h43.25.972836 +0700,
Images/mice.png,go,space,1,1,0,space,1,1.176542000000154,None,0,1,1,1,3.7311677000000145,,,,,,,,,,,,,,,,3.72399919999998,3.7311677000000145,3.7311677000000145,4.9132812000000285,space,1,1.176542000000154,None,4.913339299999961,4.9174703999999565,6.430751599999894,6.404502699999966,,,,,,33,001,2025-01-24_13h43.18.992,Go No-Go,2024.2.4,143.9774934380757,2025-01-24 13h43.25.972836 +0700,
Images/cat.png,nogo,None,2,2,0,space,0,1.1966026000000056,None,0,2,2,2,6.430751599999894,,,,,,,,,,,,,,,,6.423079599999937,6.430751599999894,6.430751599999894,7.632680599999958,space,0,1.1966026000000056,None,7.632738000000018,7.636859699999832,9.142210299999988,9.12392379999983,,,,,,33,001,2025-01-24_13h43.18.992,Go No-Go,2024.2.4,143.9774934380757,2025-01-24 13h43.25.972836 +0700,
Images/cat.png,nogo,None,3,3,0,None,1,,,0,3,3,3,9.142210299999988,,,,,,,,,,,,,,,,9.13256309999997,9.142210299999988,9.142210299999988,14.132607000000007,None,1,,,14.132650999999896,14.137118699999974,15.628669700000046,15.624127199999975,14.137118699999974,14.137118699999974,,,,33,001,2025-01-24_13h43.18.992,Go No-Go,2024.2.4,143.9774934380757,2025-01-24 13h43.25.972836 +0700,
,,,,,,,,,,,,,,,,,,,,,,,,,,,,,,,,,,,,,,,,,,,,15.624193200000036,15.628669700000046,15.628669700000046,,,,,,,,
