﻿color,condition,space_key,thisN,thisTrialN,thisRepN,key_resp_t.keys,key_resp_t.corr,key_resp_t.rt,key_resp_t.duration,trials.thisRepN,trials.thisTrialN,trials.thisN,trials.thisIndex,thisRow.t,notes,Welcome.started,Welcome.stopped,Instructions.started,text_Instructions.started,Instructions.stopped,Tutorial.started,image_Tutorial.started,key_resp_t.started,Tutorial.stopped,trials.key_resp_t.keys,trials.key_resp_t.corr,trials.key_resp_t.rt,trials.key_resp_t.duration,Feedback_Tutorial.started,text_feedback_Tutorial.started,text_feedback_Tutorial.stopped,Feedback_Tutorial.stopped,participant,session,date,expName,psychopyVersion,frameRate,expStart,
,,,,,,,,,,,,,,,,0.010426199994981289,1.6057593000587076,,,,,,,,,,,,,,,,5,001,2025-01-31_10h03.10.383,Go No-Go,2024.2.4,143.8062641186516,2025-01-31 10h03.17.310258 +0700,
,,,,,,,,,,,,,,,,,,1.6057954999851063,1.6109496999997646,2.654572100029327,,,,,,,,,,,,,5,001,2025-01-31_10h03.10.383,Go No-Go,2024.2.4,143.8062641186516,2025-01-31 10h03.17.310258 +0700,
Images/mice.png,go,space,0,0,0,space,1,0.7701263000490144,None,0,0,0,0,2.7519145000260323,,,,,,,2.681926400051452,2.7519145000260323,2.7519145000260323,3.528651600005105,space,1,0.7701263000490144,None,3.5304800999583676,3.5391462000552565,5.052439699997194,5.02686750004068,5,001,2025-01-31_10h03.10.383,Go No-Go,2024.2.4,143.8062641186516,2025-01-31 10h03.17.310258 +0700,
Images/mice.png,go,space,1,1,0,space,1,0.27012910007033497,None,0,1,1,1,5.052439699997194,,,,,,,5.047621199977584,5.052439699997194,5.052439699997194,5.325722499983385,space,1,0.27012910007033497,None,5.325780299957842,5.329713399987668,6.841722100041807,6.8164495000382885,5,001,2025-01-31_10h03.10.383,Go No-Go,2024.2.4,143.8062641186516,2025-01-31 10h03.17.310258 +0700,
Images/cat.png,nogo,None,2,2,0,None,1,,,0,2,2,2,6.841722100041807,,,,,,,6.836343000060879,6.841722100041807,6.841722100041807,11.832566300057806,None,1,,,11.832621000008658,11.836848000064492,13.34921530005522,13.323855599970557,5,001,2025-01-31_10h03.10.383,Go No-Go,2024.2.4,143.8062641186516,2025-01-31 10h03.17.310258 +0700,
Images/cat.png,nogo,None,3,3,0,,,,,0,3,3,3,13.34921530005522,,,,,,,13.343504799995571,13.34921530005522,13.34921530005522,14.066572900046594,space,0,0.7161563999252394,None,14.066629800014198,14.070619500009343,,,,,,,,,,
