﻿color,condition,space_key,thisN,thisTrialN,thisRepN,key_resp_t.keys,key_resp_t.corr,key_resp_t.rt,key_resp_t.duration,trials.thisRepN,trials.thisTrialN,trials.thisN,trials.thisIndex,thisRow.t,notes,Instructions.started,text_Instructions.started,Instructions.stopped,Tutorial.started,image_Tutorial.started,key_resp_t.started,Tutorial.stopped,trials.key_resp_t.keys,trials.key_resp_t.corr,trials.key_resp_t.rt,trials.key_resp_t.duration,Feedback_Tutorial.started,text_feedback_Tutorial.started,text_feedback_Tutorial.stopped,Feedback_Tutorial.stopped,participant,session,date,expName,psychopyVersion,frameRate,expStart,
,,,,,,,,,,,,,,,,,,,,,,,,,,,,,,,6,001,2025-01-31_10h04.37.440,Go No-Go,2024.2.4,145.08481676523866,2025-01-31 10h04.46.752378 +0700,
,,,,,,,,,,,,,,,,0.7691795999417081,0.7790941999992356,1.4414233999559656,,,,,,,,,,,,,6,001,2025-01-31_10h04.37.440,Go No-Go,2024.2.4,145.08481676523866,2025-01-31 10h04.46.752378 +0700,
Images/mice.png,go,space,0,0,0,space,1,0.6701796998968348,None,0,0,0,0,1.517867499962449,,,,,1.4711287999525666,1.517867499962449,1.517867499962449,2.191187100019306,space,1,0.6701796998968348,None,2.1934366000350565,2.201117999968119,3.7144485999597237,3.689119499991648,6,001,2025-01-31_10h04.37.440,Go No-Go,2024.2.4,145.08481676523866,2025-01-31 10h04.46.752378 +0700,
Images/mice.png,go,space,1,1,0,,,,,0,1,1,1,3.7144485999597237,,,,,3.708254399942234,3.7144485999597237,3.7144485999597237,4.049907200038433,space,1,0.3337760000722483,None,4.049963500001468,4.0540107999695465,,,,,,,,,,
