﻿color,condition,space_key,Feedback_Tutorial_space_key.corr_raw,Feedback_Tutorial_space_key.duration_raw,Feedback_Tutorial_space_key.keys_raw,Feedback_Tutorial_space_key.rt_raw,color_raw,condition_raw,key_resp_t.corr_raw,key_resp_t.duration_raw,key_resp_t.keys_raw,key_resp_t.rt_raw,space_key_raw,thisN_raw,thisRepN_raw,thisTrialN_raw
Images/mice.png,go,space,0,nan,,nan,Images/mice.png,go,1,nan,space,0.4890511000994593,space,0,0,0
Images/mice.png,go,space,0,0.08703739999327809,space,0.553654900053516,Images/mice.png,go,1,nan,space,3.6717820999911055,space,1,0,1
Images/cat.png,nogo,None,0,nan,,nan,Images/cat.png,nogo,0,nan,space,0.16758050001226366,,2,0,2
Images/cat.png,nogo,None,0,nan,,nan,Images/cat.png,nogo,1,nan,,nan,,3,0,3

extraInfo
participant,a3
session,001
date,2025-01-31_13h10.43.736
expName,Go No-Go
psychopyVersion,2024.2.4
frameRate,143.63214088615115
expStart,2025-01-31 13h10.51.580582 +0700
