﻿color,condition,space_key,thisN,thisTrialN,thisRepN,key_resp_t.keys,key_resp_t.corr,key_resp_t.rt,key_resp_t.duration,Feedback_Tutorial_space_key.keys,Feedback_Tutorial_space_key.corr,Feedback_Tutorial_space_key.rt,Feedback_Tutorial_space_key.duration,trials.thisRepN,trials.thisTrialN,trials.thisN,trials.thisIndex,thisRow.t,notes,Tutorial.started,key_resp_t.started,Tutorial.stopped,trials.key_resp_t.keys,trials.key_resp_t.corr,trials.key_resp_t.rt,trials.key_resp_t.duration,Feedback_Tutorial_space_key.started,Feedback_Tutorial_space_key.stopped,trials.Feedback_Tutorial_space_key.keys,trials.Feedback_Tutorial_space_key.corr,trials.Feedback_Tutorial_space_key.rt,trials.Feedback_Tutorial_space_key.duration,participant,session,date,expName,psychopyVersion,frameRate,expStart,
,,,,,,,,,,,,,,,,,,,,,,,,,,,,,,,,,a4,001,2025-01-31_13h08.25.594,Go No-Go,2024.2.4,144.30056056742973,2025-01-31 13h08.32.411426 +0700,
,,,,,,,,,,,,,,,,,,,,,,,,,,,,,,,,,a4,001,2025-01-31_13h08.25.594,Go No-Go,2024.2.4,144.30056056742973,2025-01-31 13h08.32.411426 +0700,
Images/mice.png,go,space,0,0,0,space,1,0.22784469998441637,None,space,0,0.8254104000516236,0.04777689999900758,0,0,0,0,3.717192600015551,,4.723116499953903,4.760677499929443,4.9901239000028,space,1,0.22784469998441637,None,4.994128699996509,5.992623799946159,space,0,0.8254104000516236,0.04777689999900758,a4,001,2025-01-31_13h08.25.594,Go No-Go,2024.2.4,144.30056056742973,2025-01-31 13h08.32.411426 +0700,
Images/mice.png,go,space,1,1,0,space,1,0.17918750003445894,None,space,0,0.7824532000813633,0.06635939993429929,0,1,1,1,7.49149549996946,,8.503375499974936,8.511212599929422,8.694355099927634,space,1,0.17918750003445894,None,8.698616600013338,9.690722899977118,space,0,0.7824532000813633,0.06635939993429929,a4,001,2025-01-31_13h08.25.594,Go No-Go,2024.2.4,144.30056056742973,2025-01-31 13h08.32.411426 +0700,
Images/cat.png,nogo,None,2,2,0,space,0,0.22085030004382133,None,space,0,0.2838633001083508,0.04688209993764758,0,2,2,2,11.195967099978589,,12.208229099982418,12.215598299982958,12.440583399962634,space,0,0.22085030004382133,None,12.444669499993324,13.436696899938397,space,0,0.2838633001083508,0.04688209993764758,a4,001,2025-01-31_13h08.25.594,Go No-Go,2024.2.4,144.30056056742973,2025-01-31 13h08.32.411426 +0700,
Images/cat.png,nogo,None,3,3,0,space,0,0.36689589999150485,None,None,0,,,0,3,3,3,14.942073700018227,,15.953785000019707,15.96192010003142,16.33239150000736,space,0,0.36689589999150485,None,16.336478899931535,17.328643099986948,None,0,,,a4,001,2025-01-31_13h08.25.594,Go No-Go,2024.2.4,144.30056056742973,2025-01-31 13h08.32.411426 +0700,
