﻿color,condition,space_key,thisN,thisTrialN,thisRepN,key_resp_t.keys,key_resp_t.corr,key_resp_t.rt,key_resp_t.duration,trials.thisRepN,trials.thisTrialN,trials.thisN,trials.thisIndex,thisRow.t,notes,Welcome.started,text_welcome.started,key_welcome.started,Welcome.stopped,key_welcome.keys,key_welcome.rt,key_welcome.duration,Instructions.started,text_Instructions.started,key_Instructions.started,Instructions.stopped,key_Instructions.keys,key_Instructions.rt,key_Instructions.duration,Tutorial.started,image_Tutorial.started,key_resp_t.started,Tutorial.stopped,trials.key_resp_t.keys,trials.key_resp_t.corr,trials.key_resp_t.rt,trials.key_resp_t.duration,Feedback_Tutorial.started,text_feedback_Tutorial.started,text_feedback_Tutorial.stopped,Feedback_Tutorial.stopped,participant,session,date,expName,psychopyVersion,frameRate,expStart,
,,,,,,,,,,,,,,,,0.006450000000768341,0.011760199999116594,0.011760199999116594,0.06611909999992349,space,0.04453379999904428,None,,,,,,,,,,,,,,,,,,,,f ,001,2025-01-24_15h31.09.405,Go No-Go,2024.2.4,143.52432593545845,2025-01-24 15h31.15.768851 +0700,
,,,,,,,,,,,,,,,,,,,,,,,0.06615640000018175,0.07390289999966626,0.07390289999966626,2.7552090999997745,space,2.678038199999719,None,,,,,,,,,,,,,f ,001,2025-01-24_15h31.09.405,Go No-Go,2024.2.4,143.52432593545845,2025-01-24 15h31.15.768851 +0700,
Images/mice.png,go,space,0,0,0,space,1,0.47361330000057933,None,0,0,0,0,2.817611399999805,,,,,,,,,,,,,,,,2.7779556999994384,2.817611399999805,2.817611399999805,3.2961974999998347,space,1,0.47361330000057933,None,3.2977847999991354,3.3064809999996214,4.819647899999836,4.794040500000847,f ,001,2025-01-24_15h31.09.405,Go No-Go,2024.2.4,143.52432593545845,2025-01-24 15h31.15.768851 +0700,
Images/mice.png,go,space,1,1,0,,,,,0,1,1,1,4.819647899999836,,,,,,,,,,,,,,,,4.811331099999734,4.819647899999836,4.819647899999836,,,,,,,,,,,,,,,,,
